{
  "junoLight": {
    "primary": "#f0827d",
    "primary-focus": "#e67873",
    "primary-content": "#fff",
    "secondary": "#9f9f9f",
    "secondary-focus": "#959595",
    "secondary-content": "#fff",
    "accent": "#7171f0",
    "accent-focus": "#6767E6",
    "accent-content": "#fff",
    "neutral": "#3d4451",
    "neutral-focus": "#2a2e37",
    "neutral-content": "#fff",
    "base-100": "#fff",
    "base-200": "#f9fafb",
    "base-300": "#d1d5db",
    "base-content": "#1f2937",
    "info": "#71f0e9",
    "success": "#65f09a",
    "warning": "#f0df95",
    "error": "#f06c65"
  },
  "junoDark": {
    "primary": "#f0827d",
    "primary-focus": "#e67873",
    "primary-content": "#2b303b",
    "secondary": "#9f9f9f",
    "secondary-focus": "#959595",
    "secondary-content": "#2b303b",
    "accent": "#7171f0",
    "accent-focus": "#6767E6",
    "accent-content": "#fff",
    "neutral": "#3d4451",
    "neutral-focus": "#2a2e37",
    "neutral-content": "#fff",
    "base-100": "#2b303b",
    "base-200": "#22212c",
    "base-300": "#1d1e25",
    "base-content": "#fff",
    "info": "#71f0e9",
    "success": "#65f09a",
    "warning": "#f0df95",
    "error": "#f06c65"
  }
}
